course_title,0
isc ² systems security certified practitioner sscp,0
crash course causality inferring causal effects observational data,1
crash course data science,2
law student toolkit,3
life happiness fulfillment,4
adhd everyday strategies elementary students,5
ai everyone,6
ai medical treatment,7
ai foundations everyone,8
ai medical diagnosis,9
ai medical prognosis,10
ai medicine,11
aws fundamentals,12
aws fundamentals addressing security risk,13
aws fundamentals building serverless applications,14
aws fundamentals going cloud native,15
aws fundamentals migrating cloud,16
aboriginal worldviews education,17
academic english writing,18
accelerated computer science fundamentals,19
access controls,20
accounting analytics,21
accounting decision making,22
achieving personal professional success,23
actualización en el manejo del paciente con diabetes mellitus tipo 2,24
addiction treatment clinical skills healthcare providers,25
advanced business analytics,26
advanced data science ibm,27
advanced machine learning,28
advanced machine learning tensorflow google cloud platform,29
advanced valuation strategy private equity venture capital,30
advertising society,31
age cathedrals,32
agile development,33
agile meets design thinking,34
agile atlassian jira,35
agile и scrum в работе над проектами и продуктами,36
algorithmic toolbox,37
algorithms,38
algorithms battery management systems,39
american contract law,40
introduction american law,41
introduction consumer neuroscience neuromarketing,42
introduction programming internet things iot,43
analysing numeric digital literacies,44
anatomy,45
anatomy chest abdomen pelvis,46
anatomy musculoskeletal integumentary systems,47
ancient philosophy aristotle successors,48
android app development,49
animal behaviour welfare,50
antibiotic stewardship,51
anticorrupción introducción conceptos perspectiva práctica,52
antimicrobial resistance theory methods,53
applied data science,54
applied data science capstone,55
applied data science python,56
applied machine learning python,57
applied plotting charting data representation python,58
aprende programar con python,59
aprender,60
aprendiendo aprender poderosas herramientas mentales con las que podrás dominar temas difíciles learning learn,61
architecting google cloud platform 日本語版,62
architecting google compute engine,63
architecting google kubernetes engine 日本語版,64
arizona state university tesol,65
art activity interactive strategies engaging art,66
art ideas teaching themes,67
arts culture strategy,68
arts heritage management,69
aspectos básicos de la planificación la gestión de proyectos,70
astrobiology search extraterrestrial life,71
atención primaria en salud el desafío de las enfermedades transmisibles,72
autism spectrum disorder,73
autodesk cad cam manufacturing,74
autodesk cad cam cae mechanical engineering,75
autodesk certified professional autocad design drafting exam prep,76
autodesk certified professional revit architectural design exam prep,77
bim fundamentals engineers,78
basic statistics,79
bayesian statistics concept data analysis,80
bayesian statistics techniques models,81
become cbrs certified professional installer google,82
become journalist report news,83
become sustainable business change agent,84
becoming sports agent,85
becoming changemaker introduction social innovation,86
behavioral finance,87
beyond sustainable development goals sdgs addressing sustainability development,88
big data introducción al uso práctico de datos masivos,89
biohacking brain health,90
biology meets programming bioinformatics beginners,91
biostatistics public health,92
blended language learning design practice teachers,93
blockchain,94
blockchain revolution,95
blockchain revolution financial services,96
blockchain foundations use cases,97
boosting creativity innovation,98
brand management aligning business brand behaviour,99
branding creative journey,100
budgeting scheduling projects,101
bugs 101 insect human interactions,102
build modern computer first principles nand tetris project centered course,103
building batch data pipelines gcp,104
building conversational experiences dialogflow,105
building resilient streaming analytics systems gcp,106
building scalable java microservices spring boot spring cloud,107
building leadership skills,108
business analytics,109
business english,110
business english communication skills,111
business english networking,112
business foundations,113
business model innovation,114
business statistics analysis,115
business strategies better world,116
business strategy,117
business technology management,118
business transformation google cloud,119
business writing,120
business financial modeling,121
c everyone programming fundamentals,122
c programming unity game development,123
covid 19 contact tracing,124
covid 19 need know cme eligible,125
cameras exposure photography,126
camino la excelencia en gestión de proyectos,127
capstone retrieving processing visualizing data python,128
career success,129
challenging forensic science science speak court,130
chemicals health,131
chicken behaviour welfare,132
child nutrition cooking,133
chinese hsk 1,134
cisco networking basics,135
classical sociological theory,136
claves de la dirección de empresas,137
climate change health science action,138
clinical terminology international u students,139
cloud computing,140
cloud computing basics cloud 101,141
cloud engineering google cloud,142
coaching skills managers,143
code introduction programming,144
communication skills engineers,145
communication strategies virtual age,146
compassionate leadership service learning jane goodall roots shoots,147
competencias digitales herramientas de ofimática microsoft word excel power point,148
competitive strategy organization design,149
computational social science,150
computational thinking problem solving,151
computer security systems management,152
conflict management,153
construction cost estimating cost control,154
construction management,155
construction project management,156
construction scheduling,157
contabilidad para contadores,158
content strategy professionals,159
continuous delivery devops,160
control mobile robots,161
convolutional neural networks,162
convolutional neural networks tensorflow,163
corporate commercial law contracts employment law,164
corporate finance essentials,165
corporate strategy,166
corporate sustainability understanding seizing strategic opportunity,167
corrección estilo variaciones de la lengua española,168
cost economics pricing strategy,169
costos para los negocios,170
crash course python,171
creative problem solving,172
creative writing,173
creative writing craft plot,174
creatividad diseño e innovación técnicas herramientas,175
cuidado de heridas en el ámbito hospitalario,176
cuidados procedimientos generales en la atención del recién nacido,177
culture driven team building,178
curanderismo traditional healing using plants,179
customer segmentation prospecting,180
cybersecurity,181
cybersecurity ten domains,182
cybersecurity business,183
cómo hablar bien en público,184
dairy production management,185
data analysis interpretation,186
data analysis presentation skills pwc approach,187
data analysis python,188
data analytics lean six sigma,189
data collection processing python,190
data engineering google cloud platform 日本語版,191
data engineering google cloud,192
data engineering big data machine learning gcp,193
data management clinical research,194
data mining,195
data science,196
data science math skills,197
data science methodology,198
data science foundations using r,199
data science statistics machine learning,200
data visualization communication tableau,201
data visualization advanced excel,202
data visualization python,203
data visualization tableau,204
data warehousing business intelligence,205
data health indicators public health practice,206
data driven decision making,207
databases sql data science,208
de mystifying mindfulness,209
decision making scenarios,210
deep learning,211
democracia decisiones públicas introducción al análisis de políticas públicas,212
dentistry 101,213
dermatology trip skin,214
design thinking innovation,215
design thinking greater good innovation social sector,216
design interpretation clinical trials,217
design make infographics project centered course,218
design led strategy design thinking business strategy entrepreneurship,219
developing apis google cloud apigee api platform,220
developing applications google cloud platform,221
developing applications google cloud platform 日本語版,222
developing industrial internet things,223
developing musicianship,224
developing musicianship,225
devenir entrepreneur du changement,226
digital advertising strategy,227
digital business models,228
digital manufacturing design technology,229
digital marketing,230
digital media marketing strategies,231
digital product management,232
digital product management modern fundamentals,233
dino 101 dinosaur paleobiology,234
discrete optimization,235
diseño instruccional aprendizaje activo pedagogía digital,236
diseño creación de un emprendimiento social,237
divide conquer sorting searching randomized algorithms,238
dog emotion cognition,239
driving business towards sustainable development goals,240
drug commercialization,241
drug discovery,242
dynamic public speaking,243
emt foundations,244
ecology ecosystem dynamics conservation,245
econometrics methods applications,246
economics money banking,247
ecosystem services method sustainable development,248
effective compliance programs,249
egiptología egyptology,250
el abogado del futuro legaltech la transformación digital del derecho,251
elastic google cloud infrastructure scaling automation,252
electric industry operations markets,253
electronic music production,254
emerging technologies smartphones iot big data,255
energy production distribution safety,256
engineering health introduction yoga physiology,257
engineering project management initiating planning,258
english composition,259
english business entrepreneurship,260
english career development,261
english journalism,262
english research publication purposes,263
english science technology engineering mathematics,264
enterprise architecture,265
entrepreneurial finance strategy innovation,266
entrepreneurship,267
entrepreneurship 1 developing opportunity,268
entrepreneurship 2 launching start,269
entrepreneurship 3 growth strategies,270
entrepreneurship strategy ideation exit,271
entrepreneurship launching innovative business,272
epidemics dynamics infectious diseases,273
epidemics pandemics outbreaks,274
epidemiology public health,275
epidemiology public health practice,276
epidemiology basic science public health,277
epigenetic control gene expression,278
equine welfare management,279
esports,280
essential epidemiologic tools public health practice,281
essential google cloud infrastructure core services,282
essential google cloud infrastructure foundation,283
essentials clinical simulations across health professions,284
essentials corporate finance,285
essentials global health,286
estadística probabilidad,287
evaluación educativa,288
everyday excel part 1,289
everyday parenting abcs child rearing,290
excel skills business,291
excel skills business advanced,292
excel skills business essentials,293
excel skills business intermediate,294
excel skills business intermediate ii,295
excel mysql analytic techniques business,296
excel vba creative problem solving,297
excel vba creative problem solving part 1,298
executive data science,299
explorando la energía sustentable,300
fashion design,301
feminism social justice,302
fintech law policy,303
fintech finance industry transformation regulation,304
fintech foundations payments regulations,305
finance quantitative modeling analysts,306
finance non finance professionals,307
finance non financial managers,308
financial accounting fundamentals,309
financial acumen non financial managers,310
financial engineering risk management part,311
financial management,312
financial markets,313
financial markets investment strategy,314
financial reporting,315
financial technology fintech innovations,316
financing investing infrastructure,317
finanzas corporativas,318
finanzas personales,319
finding purpose meaning life living matters,320
fintech foundations applications financial technology,321
first step korean,322
food beverage management,323
forensic accounting fraud examination,324
formulación evaluación de proyectos complejos,325
foundational finance strategic decision making,326
foundations business strategy,327
foundations everyday leadership,328
foundations global health,329
foundations management,330
foundations marketing analytics,331
foundations positive psychology,332
foundations public health practice,333
data insights google cloud platform,334
big bang dark energy,335
front end web development react,336
front end web ui frameworks tools bootstrap 4,337
full stack web multiplatform mobile app development,338
full stack web development react,339
functional programming principles scala,340
functional programming scala,341
fundamental neuroscience neuroimaging,342
fundamentals accounting,343
fundamentals computing,344
fundamentals engineering exam review,345
fundamentals gis,346
fundamentals graphic design,347
fundamentals immunology,348
fundamentals immunology innate immunity b cell function,349
fundamentals music theory,350
fundamentals project planning management,351
fundamentals quantitative modeling,352
fundamentals reinforcement learning,353
fundamentals visualization tableau,354
fundamentos empresariales,355
fundamentos estratégicos empresariales,356
fundamentos de excel para negocios,357
fundamentos de finanzas empresariales,358
fundamentos de la escritura,359
fundraising development,360
futures thinking,361
g suite administration,362
gis mapping spatial analysis,363
game design development,364
game theory,365
gamification,366
gender sexuality diversity inclusion workplace,367
genomic data science,368
geographic information systems gis,369
geopolitics europe,370
geopolítica gobernanza global riesgos oportunidades,371
gestión de organizaciones efectivas,372
get interactive practical teaching technology,373
getting started music theory,374
getting started aws machine learning,375
getting started go,376
getting started google kubernetes engine,377
getting started google sheets,378
getting started sas programming,379
global diplomacy diplomacy modern world,380
global diplomacy united nations world,381
global energy climate policy,382
global environmental management,383
global financial markets instruments,384
global financing solutions edhec société générale,385
global trends business society,386
globalization economic growth stability,387
good words writing editing,388
google cloud platform big data machine learning fundamentals,389
google cloud platform fundamentals aws professionals,390
google automation python,391
google support,392
grammar punctuation,393
graphic design elements non designers,394
greek roman mythology,395
greening economy sustainable cities,396
guitar beginners,397
gut check exploring microbiome,398
html css javascript web developers,399
habilidades gerenciales,400
hacia una práctica constructivista en el aula,401
hardware description languages fpga design,402
healing arts,403
health informatics,404
health information literacy data analytics,405
healthcare law,406
healthcare marketplace,407
healthcare organization operations,408
high performance collaboration leadership teamwork negotiation,409
homeland security cybersecurity,410
hotel management distribution revenue demand management,411
things work introduction physics,412
create website weekend project centered course,413
start business,414
human resource management hr people managers,415
ibm ai engineering,416
ibm ai enterprise workflow,417
ibm applied ai,418
ibm customer engagement specialist professional certificate,419
ibm data science,420
fundamentals cybersecurity,421
security defense digital dark arts,422
identifying monitoring analyzing risk incident response recovery,423
implementación del marketing mix,424
implementing rpa cognitive automation analytics,425
improve english communication skills,426
improving deep neural networks hyperparameter tuning regularization optimization,427
improving leadership governance nonprofit organizations,428
studio postwar abstract painting,429
indigenous canada,430
industrial iot google cloud platform,431
infectious disease modelling,432
influencer marketing strategy,433
influencing storytelling change management governance,434
information security context introduction,435
information visualization,436
information systems,437
initiating planning projects,438
innovation management,439
innovation design think make break repeat,440
innovation creativity entrepreneurship,441
inspirational leadership leading sense,442
inspired leadership,443
inspiring motivating individuals,444
instructional design foundations applications,445
instructional methods health professions education,446
integrative health medicine,447
intellectual property law,448
interaction design,449
intercultural management,450
international business essentials,451
international cyber conflicts,452
international humanitarian law theory practice,453
international law action guide international courts tribunals hague,454
international law action arbitration international disputes,455
international leadership organizational behavior,456
international marketing cross industry growth,457
international organizations management,458
international security management,459
international women health human rights,460
international migrations global issue,461
internet connection get online,462
internet giants law economics media platforms,463
interviewing resume writing english,464
introducción data science programación estadística con r,465
introducción la programación en python aprendiendo programar con python,466
introduction aux droits de l homme,467
introduction ableton live,468
introduction artificial intelligence ai,469
introduction big data,470
introduction blockchain technologies,471
introduction breast cancer,472
introduction business analytics communicating data,473
introduction css3,474
introduction calculus,475
introduction chemistry reactions ratios,476
introduction classical music,477
introduction cloud computing,478
introduction computer programming,479
introduction computer science programming,480
introduction corporate finance,481
introduction cyber attacks,482
introduction cyber security,483
introduction cybersecurity tools cyber attacks,484
introduction data analysis using excel,485
introduction data science,486
introduction data science python,487
introduction dental medicine,488
introduction discrete mathematics computer science,489
introduction electronics,490
introduction embedded systems software development environments,491
introduction engineering mechanics,492
introduction environmental law policy,493
introduction financial accounting,494
introduction forensic science,495
introduction game development,496
introduction genetics evolution,497
introduction genomic technologies,498
introduction html5,499
introduction imagemaking,500
introduction intellectual property,501
introduction international criminal law,502
introduction marketing,503
introduction mathematical thinking,504
introduction operations management,505
introduction personal branding,506
introduction philosophy,507
introduction portfolio construction analysis python,508
introduction probability data,509
introduction programming c,510
introduction programming matlab,511
introduction psychology,512
introduction scripting python,513
introduction self driving cars,514
introduction spreadsheets models,515
introduction statistics data analysis public health,516
introduction sustainability,517
introduction systematic review meta analysis,518
introduction systems engineering,519
introduction tensorflow artificial intelligence machine learning deep learning,520
introduction thermodynamics transferring energy,521
introduction trading machine learning gcp,522
introduction typography,523
introduction user experience design,524
introduction user experience principles processes,525
introduction web development,526
introduction biology cancer,527
introductory human physiology,528
introdução aos princípios e práticas da gestão de projetos,529
introdução à ciência da computação com python parte 1,530
investment management,531
investment management python machine learning,532
investment portfolio management,533
japanese beginners 1,534
java programming software engineering fundamentals,535
java programming solving problems software,536
julia scientific programming,537
kotlin java developers,538
l excellence opérationnelle en pratique,539
l impact investing la finance qui change le monde,540
leadership development engineers,541
leadership 21st century organizations,542
leading healthcare quality safety,543
leading people teams,544
leading equity diversity inclusion higher education,545
leading human resource management leadership,546
learn chinese hsk test preparation,547
learn english,548
learn english advanced academic speaking listening,549
learn english advanced grammar punctuation,550
learn english intermediate grammar,551
learn mandarin chinese,552
learn sql basics data science,553
learn spanish basic spanish vocabulary,554
learn program fundamentals,555
learn speak korean 1,556
learning teach online,557
legal tech startups,558
les fondamentaux de la négociation,559
liderazgo efectivo para el siglo xxi,560
linear circuits 1 dc analysis,561
love force social justice,562
machine learning,563
machine learning,564
machine learning foundations case study approach,565
machine learning reinforcement learning finance,566
machine learning,567
machine learning business professionals,568
machine learning trading,569
machine learning python,570
machine learning tensorflow google cloud platform,571
magic middle ages,572
making architecture,573
management fashion luxury companies,574
managerial accounting fundamentals,575
managerial economics business analysis,576
managing innovation design thinking,577
managing project risks changes,578
managing social human capital,579
managing health role physical therapy exercise,580
market research,581
marketing digital,582
marketing digital,583
marketing gerencial,584
marketing mix implementation,585
marketing strategy,586
marketing verde,587
marketing con redes sociales,588
marketing digital world,589
mastering data analysis excel,590
mastering final cut pro,591
mastering software development r,592
materials science 10 things every engineer know,593
mathematics data science,594
mathematics machine learning,595
mathematics machine learning linear algebra,596
mathematics machine learning multivariate calculus,597
mathematics machine learning pca,598
medical cannabis health effects thc cbd,599
medical neuroscience,600
memoir personal essay write,601
methods statistics social sciences,602
microeconomics principles,603
microeconomics power markets,604
mindshift break obstacles learning discover hidden potential,605
miracles human language introduction linguistics,606
model thinking,607
modeling risk realities,608
modern art ideas,609
modern big data analysis sql,610
modern robotics mechanics planning control,611
modernizing data lakes data warehouses gcp,612
moral foundations politics,613
introduction financial accounting,614
mountains 101,615
municipal solid waste management developing countries,616
music business,617
music business foundations,618
music production,619
nanotechnology maker course,620
natural language processing tensorflow,621
negociación exitosa estrategias habilidades esenciales en español,622
negotiation mediation conflict resolution,623
networking security architecture vmware nsx,624
networking google cloud,625
neural networks deep learning,626
neurolinguistics,627
new approaches countering terror countering violent extremism,628
newborn baby care,629
nutrición obesidad control de sobrepeso,630
nutrition lifestyle pregnancy,631
object oriented java programming data structures beyond,632
object oriented programming java,633
object oriented data structures c,634
object oriented design,635
oil gas industry operations markets,636
open source software development linux git,637
operating systems becoming power user,638
operations analytics,639
optical engineering,640
organizational leadership,641
osteoarchaeology truth bones,642
palliative care hospice anymore,643
palo alto networks cybersecurity,644
parallel concurrent distributed programming java,645
particle physics introduction,646
patient safety,647
patrocinio deportivo,648
people analytics,649
perfect tenses modals,650
periodismo digital combate las fake news,651
photography basics beyond smartphone dslr,652
plant bioinformatic methods,653
politics economics international energy,654
positive psychiatry mental health,655
positive psychology,656
positive psychology applications interventions,657
positive psychology martin e p seligman visionary science,658
positive psychology resilience skills,659
power electronics,660
practical data science matlab,661
practical time series analysis,662
preparing google cloud associate cloud engineer exam,663
preparing manage human resources,664
presentation skills speechwriting slides delivery,665
pricing strategy optimization,666
primeros auxilios psicológicos pap,667
private equity venture capital,668
probabilistic graphical models 1 representation,669
probability statistics p p,670
process mining data science action,671
programming foundations javascript html css,672
programming fundamentals,673
programming everybody getting started python,674
programming google go,675
project execution,676
project launch,677
project management tools career development,678
project management principles practices,679
psychological first aid,680
public policy challenges 21st century,681
python basics,682
python classes inheritance,683
python data structures,684
python functions files dictionaries,685
python statistics financial analysis,686
python data science ai,687
python everybody,688
quantitative methods,689
queering identities lgbtq sexuality gender identity,690
r programming,691
ready set future introduction futures thinking,692
recommender systems,693
recruiting hiring onboarding employees,694
reinforcement learning,695
renewable energy green building entrepreneurship,696
reporting extra financier et stratégie rse,697
requirements engineering secure software specifications,698
research data management sharing,699
resilience children exposed trauma disaster war global perspectives,700
responsive website development design,701
rethinking international tax law,702
revisão sistemática e meta análise,703
robotics,704
roman architecture,705
russian alphabet,706
russian beginners а1 русский язык a1,707
réussir le changement,708
sas programmer,709
sas visual business analytics,710
sql data science,711
sales operations management,712
sales training high performing teams,713
sample based learning methods,714
scaling operations linking strategy execution,715
school health children adolescents,716
science exercise,717
search engine optimization fundamentals,718
secure coding practices,719
security safety challenges globalized world,720
security google cloud platform,721
self driving cars,722
sequence models,723
sexualidad mucho más que sexo,724
sharpened visions poetry workshop,725
site reliability engineering measuring managing reliability,726
six sigma green belt,727
six sigma organization advanced,728
sleep neurobiology medicine society,729
smart cities management smart urban infrastructures,730
social entrepreneurship,731
social media marketing,732
social norms social change,733
social policy social services health practitioners,734
social psychology,735
social economic networks models analysis,736
software design architecture,737
software development lifecycle,738
software processes agile practices,739
software product management,740
solar energy basics,741
songwriting writing lyrics,742
soporte de tecnologías de la información de google,743
spacecraft dynamics control,744
spanish vocabulary meeting people,745
speak english professionally person online phone,746
sports marketing,747
sports society,748
stanford introduction food health,749
stanford short course breastfeeding,750
statistical analysis r public health,751
statistics python,752
statistics r,753
stories infection,754
strategic business analytics,755
strategic business management microeconomics,756
strategic leadership management,757
strategic management,758
strategic management innovation,759
strategic sales management,760
strategising management global competitive advantage,761
strategy sustainability,762
structuring machine learning projects,763
success,764
successful negotiation essential strategies skills,765
summary statistics public health,766
supply chain analytics,767
supply chain finance blockchain technology,768
supply chain logistics,769
supply chain management,770
supply chain operations,771
supply chain principles,772
supporting children difficulties reading writing,773
survey data collection analytics,774
sustainable tourism promoting environmental public health,775
swift 5 ios application developer,776
system administration infrastructure services,777
systems biology biotechnology,778
systems thinking public health,779
tesol certificate part 1 teach english,780
tesol certificate part 2 teach english,781
teach english foundational principles,782
teach english teaching language online,783
teaching character creating positive classrooms,784
teamwork skills communicating effectively groups,785
technical support fundamentals,786
tensorflow practice,787
tensorflow data deployment,788
terrorism counterterrorism comparing theory practice,789
addicted brain,790
art music production,791
art sales mastering selling process,792
arts science relationships understanding human needs,793
bits bytes computer networking,794
business health care,795
business music production,796
changing global order,797
cycle management successful arts cultural organizations,798
diy musician,799
data scientist toolbox,800
economics health care delivery,801
global financial crisis,802
horse course introduction basic care management,803
manager toolkit practical guide managing people work,804
modern world part one global history 1760 1910,805
modern world part two global history since 1910,806
oral cavity portal health disease,807
power macroeconomics economic principles real world,808
power microeconomics economic principles real world,809
pronunciation american english,810
science gastronomy,811
science stem cells,812
science success researchers know know,813
science training young athletes,814
science well,815
singer songwriter,816
social context mental health illness,817
strategy content marketing,818
sustainable development goals global transdisciplinary vision future,819
teacher social emotional learning sel,820
technology music production,821
truth cats dogs,822
hidden value lean manufacturing services,823
think understand arguments,824
tools data science,825
trading strategies emerging markets,826
transmedia storytelling narrative worlds emerging technologies global audiences,827
tricky american english pronunciation,828
troubles du spectre de l autisme diagnostic,829
u federal taxation,830
uci project management,831
ui ux design,832
ux design fundamentals,833
understanding cancer metastasis,834
understanding clinical research behind statistics,835
understanding einstein special theory relativity,836
understanding medical research facebook friend wrong,837
understanding modern finance,838
understanding plants part plant knows,839
understanding research methods,840
understanding visualizing data python,841
understanding brain neurobiology everyday life,842
unity certified programmer exam preparation,843
unity xr build ar vr apps,844
university teaching,845
unraveling cycling city,846
user experience research design,847
user interface design,848
using databases python,849
using python access web data,850
using python interact operating system,851
value chain management,852
version control git,853
viral marketing craft contagious content,854
virtual reality,855
virtual teacher,856
vital signs understanding body telling us,857
web applications everybody,858
web design everybody basics web development coding,859
weight management beyond balancing calories,860
contemporary art,861
future education,862
compliance,863
data science,864
social,865
wine tasting sensory techniques wine analysis,866
wonders ancient egypt,867
write feature length screenplay film television,868
write professional emails english,869
write first novel,870
writing sciences,871
e learning ecologies innovative approaches teaching learning digital age,872
ios app development swift,873
qué hacen los buenos directivos prioridades de la alta dirección,874
étudier en france french intermediate course b1 b2,875
éxito profesional,876
искусство ведения бизнеса,877
искусство разработки на современном c,878
корпоративные финансы и стоимость компании,879
математика и python для анализа данных,880
машинное обучение и анализ данных,881
основы digital маркетинга,882
основы программирования на python,883
основы разработки на c белый пояс,884
погружение в python,885
программирование на python,886
психолингвистика psycholinguistics,887
разработка интерфейсов вёрстка и javascript,888
русский как иностранный,889
финансовые инструменты для частного инвестора,890
